{
  "round": 3,
  "scene": "engine-01-material-grid",
  "side": "aura3d",
  "viewport": {
    "width": 1440,
    "height": 960
  },
  "routeHealth": "pass",
  "firstUsableRenderMs": 10092,
  "p50Fps": 19.880715705764977,
  "p95FrameTimeMs": 67,
  "drawCalls": 9,
  "triangleCount": null,
  "jsHeapPeakBytes": 10000000,
  "gpuMemoryBytes": null,
  "bundleGzipBytes": 206120,
  "sourceLoc": 35,
  "fpsInstrumentationStatus": "valid",
  "fpsSample": {
    "sampleCount": 94,
    "p50FrameTimeMs": 50.30000000000109,
    "p95FrameTimeMs": 67,
    "p50Fps": 19.880715705764977
  },
  "fpsCalibration": {
    "emptyRaf": {
      "sampleCount": 360,
      "p50FrameTimeMs": 8.200000000000273,
      "p95FrameTimeMs": 10.099999999999909,
      "p50Fps": 121.95121951219106
    },
    "webglControl": {
      "sampleCount": 342,
      "p50FrameTimeMs": 8.200000000000728,
      "p95FrameTimeMs": 10.300000000000182,
      "p50Fps": 121.9512195121843
    },
    "verdict": {
      "status": "pass",
      "failures": [],
      "thresholds": {
        "emptyRafMinFps": 55,
        "webglControlMinFps": 45,
        "maxP95FrameTimeMs": 34
      }
    }
  }
}
