{
  "round": 3,
  "scene": "engine-02-city-block",
  "side": "threejs",
  "viewport": {
    "width": 1440,
    "height": 960
  },
  "routeHealth": "pass",
  "firstUsableRenderMs": 10187,
  "p50Fps": 17.452006980803013,
  "p95FrameTimeMs": 90.29999999999927,
  "drawCalls": 199,
  "triangleCount": 668,
  "jsHeapPeakBytes": 10000000,
  "gpuMemoryBytes": null,
  "bundleGzipBytes": 120625,
  "sourceLoc": 43,
  "fpsInstrumentationStatus": "valid",
  "fpsSample": {
    "sampleCount": 84,
    "p50FrameTimeMs": 57.29999999999927,
    "p95FrameTimeMs": 90.29999999999927,
    "p50Fps": 17.452006980803013
  },
  "fpsCalibration": {
    "emptyRaf": {
      "sampleCount": 360,
      "p50FrameTimeMs": 8.200000000000273,
      "p95FrameTimeMs": 10.099999999999909,
      "p50Fps": 121.95121951219106
    },
    "webglControl": {
      "sampleCount": 342,
      "p50FrameTimeMs": 8.200000000000728,
      "p95FrameTimeMs": 10.300000000000182,
      "p50Fps": 121.9512195121843
    },
    "verdict": {
      "status": "pass",
      "failures": [],
      "thresholds": {
        "emptyRafMinFps": 55,
        "webglControlMinFps": 45,
        "maxP95FrameTimeMs": 34
      }
    }
  }
}
