{
  "round": 3,
  "scene": "engine-05-sneaker-product",
  "side": "threejs",
  "viewport": {
    "width": 1440,
    "height": 960
  },
  "routeHealth": "pass",
  "firstUsableRenderMs": 10147,
  "p50Fps": 23.201856148492663,
  "p95FrameTimeMs": 108.29999999999927,
  "drawCalls": 2,
  "triangleCount": 23084,
  "jsHeapPeakBytes": 27600000,
  "gpuMemoryBytes": null,
  "bundleGzipBytes": 147972,
  "sourceLoc": 48,
  "fpsInstrumentationStatus": "valid",
  "fpsSample": {
    "sampleCount": 94,
    "p50FrameTimeMs": 43.099999999998545,
    "p95FrameTimeMs": 108.29999999999927,
    "p50Fps": 23.201856148492663
  },
  "fpsCalibration": {
    "emptyRaf": {
      "sampleCount": 360,
      "p50FrameTimeMs": 8.200000000000273,
      "p95FrameTimeMs": 10.099999999999909,
      "p50Fps": 121.95121951219106
    },
    "webglControl": {
      "sampleCount": 342,
      "p50FrameTimeMs": 8.200000000000728,
      "p95FrameTimeMs": 10.300000000000182,
      "p50Fps": 121.9512195121843
    },
    "verdict": {
      "status": "pass",
      "failures": [],
      "thresholds": {
        "emptyRafMinFps": 55,
        "webglControlMinFps": 45,
        "maxP95FrameTimeMs": 34
      }
    }
  }
}
