{
  "scene": "engine-04-physics-ramp",
  "engine": "aura3d",
  "compiles": true,
  "runsInBrowser": true,
  "routeHealth": "pass",
  "linesOfUserCode": 79,
  "bundleSizeGzipBytes": 129243,
  "screenshot": "screenshot.png",
  "fpsCalibration": {
    "ok": true,
    "empty": {
      "samples": 191,
      "p50FrameTimeMs": 8.299999999999955,
      "p95FrameTimeMs": 9.199999999999989,
      "p50Fps": 120.48192771084403
    },
    "webgl": {
      "samples": 194,
      "p50FrameTimeMs": 8.299999999999955,
      "p95FrameTimeMs": 9.099999999999909,
      "p50Fps": 120.48192771084403
    },
    "failures": []
  },
  "fpsInstrumentationStatus": "valid",
  "fpsInstrumentationFailures": [],
  "p50Fps": 29.94011976047896,
  "p95FrameTimeMs": 49.90000000000009,
  "drawCalls": 61,
  "triangleCount": 732,
  "jsHeapPeakBytes": 10000000
}