{
  "round": 3,
  "scene": "engine-03-particles-vfx",
  "side": "threejs",
  "viewport": {
    "width": 1440,
    "height": 960
  },
  "routeHealth": "pass",
  "firstUsableRenderMs": 10345,
  "p50Fps": 15.337423312883692,
  "p95FrameTimeMs": 124.39999999999964,
  "drawCalls": 452,
  "triangleCount": 75698,
  "jsHeapPeakBytes": 10000000,
  "gpuMemoryBytes": null,
  "bundleGzipBytes": 121833,
  "sourceLoc": 45,
  "fpsInstrumentationStatus": "valid",
  "fpsSample": {
    "sampleCount": 72,
    "p50FrameTimeMs": 65.19999999999891,
    "p95FrameTimeMs": 124.39999999999964,
    "p50Fps": 15.337423312883692
  },
  "fpsCalibration": {
    "emptyRaf": {
      "sampleCount": 360,
      "p50FrameTimeMs": 8.200000000000273,
      "p95FrameTimeMs": 10.099999999999909,
      "p50Fps": 121.95121951219106
    },
    "webglControl": {
      "sampleCount": 342,
      "p50FrameTimeMs": 8.200000000000728,
      "p95FrameTimeMs": 10.300000000000182,
      "p50Fps": 121.9512195121843
    },
    "verdict": {
      "status": "pass",
      "failures": [],
      "thresholds": {
        "emptyRafMinFps": 55,
        "webglControlMinFps": 45,
        "maxP95FrameTimeMs": 34
      }
    }
  }
}
