{
  "round": 3,
  "scene": "engine-04-physics-ramp",
  "side": "threejs",
  "viewport": {
    "width": 1440,
    "height": 960
  },
  "routeHealth": "pass",
  "firstUsableRenderMs": 10150,
  "p50Fps": 30.120481927710184,
  "p95FrameTimeMs": 42.599999999998545,
  "drawCalls": 62,
  "triangleCount": 734,
  "jsHeapPeakBytes": 10000000,
  "gpuMemoryBytes": null,
  "bundleGzipBytes": 120617,
  "sourceLoc": 43,
  "fpsInstrumentationStatus": "valid",
  "fpsSample": {
    "sampleCount": 148,
    "p50FrameTimeMs": 33.20000000000073,
    "p95FrameTimeMs": 42.599999999998545,
    "p50Fps": 30.120481927710184
  },
  "fpsCalibration": {
    "emptyRaf": {
      "sampleCount": 360,
      "p50FrameTimeMs": 8.200000000000273,
      "p95FrameTimeMs": 10.099999999999909,
      "p50Fps": 121.95121951219106
    },
    "webglControl": {
      "sampleCount": 342,
      "p50FrameTimeMs": 8.200000000000728,
      "p95FrameTimeMs": 10.300000000000182,
      "p50Fps": 121.9512195121843
    },
    "verdict": {
      "status": "pass",
      "failures": [],
      "thresholds": {
        "emptyRafMinFps": 55,
        "webglControlMinFps": 45,
        "maxP95FrameTimeMs": 34
      }
    }
  }
}
