{
  "round": 3,
  "scene": "engine-04-physics-ramp",
  "side": "aura3d",
  "viewport": {
    "width": 1440,
    "height": 960
  },
  "routeHealth": "pass",
  "firstUsableRenderMs": 10150,
  "p50Fps": 29.325513196480625,
  "p95FrameTimeMs": 66.70000000000073,
  "drawCalls": 61,
  "triangleCount": 732,
  "jsHeapPeakBytes": 10000000,
  "gpuMemoryBytes": null,
  "bundleGzipBytes": 129243,
  "sourceLoc": 62,
  "fpsInstrumentationStatus": "valid",
  "fpsSample": {
    "sampleCount": 128,
    "p50FrameTimeMs": 34.100000000000364,
    "p95FrameTimeMs": 66.70000000000073,
    "p50Fps": 29.325513196480625
  },
  "fpsCalibration": {
    "emptyRaf": {
      "sampleCount": 360,
      "p50FrameTimeMs": 8.200000000000273,
      "p95FrameTimeMs": 10.099999999999909,
      "p50Fps": 121.95121951219106
    },
    "webglControl": {
      "sampleCount": 342,
      "p50FrameTimeMs": 8.200000000000728,
      "p95FrameTimeMs": 10.300000000000182,
      "p50Fps": 121.9512195121843
    },
    "verdict": {
      "status": "pass",
      "failures": [],
      "thresholds": {
        "emptyRafMinFps": 55,
        "webglControlMinFps": 45,
        "maxP95FrameTimeMs": 34
      }
    }
  }
}
