{
  "round": 3,
  "scene": "engine-03-particles-vfx",
  "side": "aura3d",
  "viewport": {
    "width": 1440,
    "height": 960
  },
  "routeHealth": "pass",
  "firstUsableRenderMs": 10205,
  "p50Fps": 31.545741324922222,
  "p95FrameTimeMs": 58.400000000001455,
  "drawCalls": 6,
  "triangleCount": null,
  "jsHeapPeakBytes": 10000000,
  "gpuMemoryBytes": null,
  "bundleGzipBytes": 206222,
  "sourceLoc": 38,
  "fpsInstrumentationStatus": "valid",
  "fpsSample": {
    "sampleCount": 152,
    "p50FrameTimeMs": 31.69999999999891,
    "p95FrameTimeMs": 58.400000000001455,
    "p50Fps": 31.545741324922222
  },
  "fpsCalibration": {
    "emptyRaf": {
      "sampleCount": 360,
      "p50FrameTimeMs": 8.200000000000273,
      "p95FrameTimeMs": 10.099999999999909,
      "p50Fps": 121.95121951219106
    },
    "webglControl": {
      "sampleCount": 342,
      "p50FrameTimeMs": 8.200000000000728,
      "p95FrameTimeMs": 10.300000000000182,
      "p50Fps": 121.9512195121843
    },
    "verdict": {
      "status": "pass",
      "failures": [],
      "thresholds": {
        "emptyRafMinFps": 55,
        "webglControlMinFps": 45,
        "maxP95FrameTimeMs": 34
      }
    }
  }
}
