{
  "scene": "engine-05-sneaker-product",
  "engine": "aura3d",
  "compiles": true,
  "runsInBrowser": true,
  "routeHealth": "pass",
  "linesOfUserCode": 56,
  "bundleSizeGzipBytes": 208246,
  "screenshot": "screenshot.png",
  "fpsCalibration": {
    "ok": true,
    "empty": {
      "samples": 191,
      "p50FrameTimeMs": 8.299999999999955,
      "p95FrameTimeMs": 9.199999999999989,
      "p50Fps": 120.48192771084403
    },
    "webgl": {
      "samples": 194,
      "p50FrameTimeMs": 8.299999999999955,
      "p95FrameTimeMs": 9.099999999999909,
      "p50Fps": 120.48192771084403
    },
    "failures": []
  },
  "fpsInstrumentationStatus": "valid",
  "fpsInstrumentationFailures": [],
  "p50Fps": 15.015015015014933,
  "p95FrameTimeMs": 99.69999999999982,
  "drawCalls": 6,
  "triangleCount": null,
  "jsHeapPeakBytes": 10000000
}