{
  "scene": "engine-02-city-block",
  "engine": "aura3d",
  "compiles": true,
  "runsInBrowser": true,
  "routeHealth": "pass",
  "linesOfUserCode": 55,
  "bundleSizeGzipBytes": 208042,
  "screenshot": "screenshot.png",
  "fpsCalibration": {
    "ok": true,
    "empty": {
      "samples": 191,
      "p50FrameTimeMs": 8.299999999999955,
      "p95FrameTimeMs": 9.199999999999989,
      "p50Fps": 120.48192771084403
    },
    "webgl": {
      "samples": 194,
      "p50FrameTimeMs": 8.299999999999955,
      "p95FrameTimeMs": 9.099999999999909,
      "p50Fps": 120.48192771084403
    },
    "failures": []
  },
  "fpsInstrumentationStatus": "valid",
  "fpsInstrumentationFailures": [],
  "p50Fps": 5.714285714285714,
  "p95FrameTimeMs": 216.69999999999982,
  "drawCalls": 218,
  "triangleCount": null,
  "jsHeapPeakBytes": 17100000
}