{
  "round": 3,
  "scene": "engine-05-sneaker-product",
  "side": "aura3d",
  "viewport": {
    "width": 1440,
    "height": 960
  },
  "routeHealth": "pass",
  "firstUsableRenderMs": 10367,
  "p50Fps": 13.550135501355147,
  "p95FrameTimeMs": 140.40000000000146,
  "drawCalls": 6,
  "triangleCount": null,
  "jsHeapPeakBytes": 10000000,
  "gpuMemoryBytes": null,
  "bundleGzipBytes": 206340,
  "sourceLoc": 37,
  "fpsInstrumentationStatus": "valid",
  "fpsSample": {
    "sampleCount": 64,
    "p50FrameTimeMs": 73.79999999999927,
    "p95FrameTimeMs": 140.40000000000146,
    "p50Fps": 13.550135501355147
  },
  "fpsCalibration": {
    "emptyRaf": {
      "sampleCount": 360,
      "p50FrameTimeMs": 8.200000000000273,
      "p95FrameTimeMs": 10.099999999999909,
      "p50Fps": 121.95121951219106
    },
    "webglControl": {
      "sampleCount": 342,
      "p50FrameTimeMs": 8.200000000000728,
      "p95FrameTimeMs": 10.300000000000182,
      "p50Fps": 121.9512195121843
    },
    "verdict": {
      "status": "pass",
      "failures": [],
      "thresholds": {
        "emptyRafMinFps": 55,
        "webglControlMinFps": 45,
        "maxP95FrameTimeMs": 34
      }
    }
  }
}
