{
  "emptyRaf": {
    "sampleCount": 360,
    "p50FrameTimeMs": 8.200000000000273,
    "p95FrameTimeMs": 10.099999999999909,
    "p50Fps": 121.95121951219106
  },
  "webglControl": {
    "sampleCount": 342,
    "p50FrameTimeMs": 8.200000000000728,
    "p95FrameTimeMs": 10.300000000000182,
    "p50Fps": 121.9512195121843
  },
  "verdict": {
    "status": "pass",
    "failures": [],
    "thresholds": {
      "emptyRafMinFps": 55,
      "webglControlMinFps": 45,
      "maxP95FrameTimeMs": 34
    }
  }
}
